{
	"IcoMoonType": "selection",
	"icons": [
		{
			"icon": {
				"paths": [
					"M1073.714 544q0 17.714-17.714 37.714l-192 226.286q-24.571 29.143-68.857 49.429t-82 20.286h-621.714q-19.429 0-34.571-7.429t-15.143-24.571q0-17.714 17.714-37.714l192-226.286q24.571-29.143 68.857-49.429t82-20.286h621.714q19.429 0 34.571 7.429t15.143 24.571zM877.714 347.429v91.429h-475.429q-53.714 0-112.571 27.143t-93.714 68.286l-195.429 229.714q0-2.286-0.286-7.143t-0.286-7.143v-548.571q0-52.571 37.714-90.286t90.286-37.714h182.857q52.571 0 90.286 37.714t37.714 90.286v18.286h310.857q52.571 0 90.286 37.714t37.714 90.286z"
				],
				"width": 1073.7129640579224,
				"attrs": [],
				"isMulticolor": false,
				"tags": [
					"folder-open"
				],
				"defaultCode": 61564,
				"grid": 16
			},
			"attrs": [],
			"properties": {
				"name": "folder-open",
				"id": 117,
				"order": 1,
				"prevSize": 28,
				"code": 61564
			},
			"setIdx": 0,
			"setId": 2,
			"iconIdx": 118
		},
		{
			"icon": {
				"paths": [
					"M950.857 329.143v146.286q0 14.857-10.857 25.714t-25.714 10.857h-36.571q-14.857 0-25.714-10.857t-10.857-25.714v-146.286q0-60.571-42.857-103.429t-103.429-42.857-103.429 42.857-42.857 103.429v109.714h54.857q22.857 0 38.857 16t16 38.857v329.143q0 22.857-16 38.857t-38.857 16h-548.571q-22.857 0-38.857-16t-16-38.857v-329.143q0-22.857 16-38.857t38.857-16h384v-109.714q0-105.714 75.143-180.857t180.857-75.143 180.857 75.143 75.143 180.857z"
				],
				"width": 950.8590621948242,
				"attrs": [],
				"isMulticolor": false,
				"tags": [
					"unlock"
				],
				"defaultCode": 61596,
				"grid": 16
			},
			"attrs": [],
			"properties": {
				"name": "unlock",
				"id": 147,
				"order": 3,
				"prevSize": 28,
				"code": 61596
			},
			"setIdx": 0,
			"setId": 2,
			"iconIdx": 148
		},
		{
			"icon": {
				"paths": [
					"M1005.714 73.143q37.714 0 64.571 26.857t26.857 64.571v694.857q0 37.714-26.857 64.571t-64.571 26.857h-914.286q-37.714 0-64.571-26.857t-26.857-64.571v-694.857q0-37.714 26.857-64.571t64.571-26.857h914.286zM91.429 146.286q-7.429 0-12.857 5.429t-5.429 12.857v128h950.857v-128q0-7.429-5.429-12.857t-12.857-5.429h-914.286zM1005.714 877.714q7.429 0 12.857-5.429t5.429-12.857v-347.429h-950.857v347.429q0 7.429 5.429 12.857t12.857 5.429h914.286zM146.286 804.571v-73.143h146.286v73.143h-146.286zM365.714 804.571v-73.143h219.429v73.143h-219.429z"
				],
				"width": 1097.1421699523926,
				"attrs": [],
				"isMulticolor": false,
				"tags": [
					"credit-card"
				],
				"defaultCode": 61597,
				"grid": 16
			},
			"attrs": [],
			"properties": {
				"name": "credit-card",
				"id": 148,
				"order": 2,
				"prevSize": 28,
				"code": 61597
			},
			"setIdx": 0,
			"setId": 2,
			"iconIdx": 149
		},
		{
			"icon": {
				"paths": [
					"M365.714 146.286h292.571v-73.143h-292.571v73.143zM1024 512v274.286q0 37.714-26.857 64.571t-64.571 26.857h-841.143q-37.714 0-64.571-26.857t-26.857-64.571v-274.286h384v91.429q0 14.857 10.857 25.714t25.714 10.857h182.857q14.857 0 25.714-10.857t10.857-25.714v-91.429h384zM585.143 512v73.143h-146.286v-73.143h146.286zM1024 237.714v219.429h-1024v-219.429q0-37.714 26.857-64.571t64.571-26.857h201.143v-91.429q0-22.857 16-38.857t38.857-16h329.143q22.857 0 38.857 16t16 38.857v91.429h201.143q37.714 0 64.571 26.857t26.857 64.571z"
				],
				"width": 1024,
				"attrs": [],
				"isMulticolor": false,
				"tags": [
					"briefcase"
				],
				"defaultCode": 61617,
				"grid": 16
			},
			"attrs": [],
			"properties": {
				"name": "briefcase",
				"id": 166,
				"order": 4,
				"prevSize": 28,
				"code": 61617
			},
			"setIdx": 0,
			"setId": 2,
			"iconIdx": 167
		},
		{
			"icon": {
				"paths": [
					"M338.857 512q-92.571 2.857-151.429 73.143h-76.571q-46.857 0-78.857-23.143t-32-67.714q0-201.714 70.857-201.714 3.429 0 24.857 12t55.714 24.286 68 12.286q38.286 0 76-13.143-2.857 21.143-2.857 37.714 0 79.429 46.286 146.286zM950.857 876q0 68.571-41.714 108.286t-110.857 39.714h-499.429q-69.143 0-110.857-39.714t-41.714-108.286q0-30.286 2-59.143t8-62.286 15.143-62 24.571-55.714 35.429-46.286 48.857-30.571 63.714-11.429q5.714 0 24.571 12.286t41.714 27.429 61.143 27.429 77.143 12.286 77.143-12.286 61.143-27.429 41.714-27.429 24.571-12.286q34.857 0 63.714 11.429t48.857 30.571 35.429 46.286 24.571 55.714 15.143 62 8 62.286 2 59.143zM365.714 146.286q0 60.571-42.857 103.429t-103.429 42.857-103.429-42.857-42.857-103.429 42.857-103.429 103.429-42.857 103.429 42.857 42.857 103.429zM768 365.714q0 90.857-64.286 155.143t-155.143 64.286-155.143-64.286-64.286-155.143 64.286-155.143 155.143-64.286 155.143 64.286 64.286 155.143zM1097.143 494.286q0 44.571-32 67.714t-78.857 23.143h-76.571q-58.857-70.286-151.429-73.143 46.286-66.857 46.286-146.286 0-16.571-2.857-37.714 37.714 13.143 76 13.143 33.714 0 68-12.286t55.714-24.286 24.857-12q70.857 0 70.857 201.714zM1024 146.286q0 60.571-42.857 103.429t-103.429 42.857-103.429-42.857-42.857-103.429 42.857-103.429 103.429-42.857 103.429 42.857 42.857 103.429z"
				],
				"width": 1097.1430435180664,
				"attrs": [],
				"isMulticolor": false,
				"tags": [
					"group",
					"users"
				],
				"defaultCode": 61632,
				"grid": 16
			},
			"attrs": [],
			"properties": {
				"name": "group, users",
				"id": 168,
				"order": 5,
				"prevSize": 28,
				"code": 61632
			},
			"setIdx": 0,
			"setId": 2,
			"iconIdx": 169
		},
		{
			"icon": {
				"paths": [
					"M969.143 219.429q22.857 0 38.857 16t16 38.857v694.857q0 22.857-16 38.857t-38.857 16h-548.571q-22.857 0-38.857-16t-16-38.857v-164.571h-310.857q-22.857 0-38.857-16t-16-38.857v-384q0-22.857 11.429-50.286t27.429-43.429l233.143-233.143q16-16 43.429-27.429t50.286-11.429h237.714q22.857 0 38.857 16t16 38.857v187.429q38.857-22.857 73.143-22.857h237.714zM658.286 341.143l-170.857 170.857h170.857v-170.857zM292.571 121.714l-170.857 170.857h170.857v-170.857zM404.571 491.429l180.571-180.571v-237.714h-219.429v237.714q0 22.857-16 38.857t-38.857 16h-237.714v365.714h292.571v-146.286q0-22.857 11.429-50.286t27.429-43.429zM950.857 950.857v-658.286h-219.429v237.714q0 22.857-16 38.857t-38.857 16h-237.714v365.714h512z"
				],
				"width": 1024.0010299682617,
				"attrs": [],
				"isMulticolor": false,
				"tags": [
					"copy",
					"files-o"
				],
				"defaultCode": 61637,
				"grid": 16
			},
			"attrs": [],
			"properties": {
				"name": "copy, files-o",
				"id": 173,
				"order": 6,
				"prevSize": 28,
				"code": 61637
			},
			"setIdx": 0,
			"setId": 2,
			"iconIdx": 174
		},
		{
			"icon": {
				"paths": [
					"M680.571 233.143h101.143l-41.143-124.571-6.857-26.857q-1.143-9.143-1.143-11.429h-2.286l-1.714 11.429q0 0.571-2 10.286t-4.286 16.571zM420.571 822.857q0 6.857-5.714 13.714l-182.286 182.286q-5.714 5.143-13.143 5.143-6.857 0-13.143-5.143l-182.857-182.857q-8.571-9.143-4-20 4.571-11.429 17.143-11.429h109.714v-786.286q0-8 5.143-13.143t13.143-5.143h109.714q8 0 13.143 5.143t5.143 13.143v786.286h109.714q8 0 13.143 5.143t5.143 13.143zM898.286 890.857v133.143h-333.714v-51.429l210.857-302.286q6.857-10.286 12-15.429l6.286-5.143v-1.714q-1.143 0-3.714 0.286t-4.286 0.286q-6.857 1.714-17.143 1.714h-132.571v65.714h-68.571v-130.857h324v50.857l-210.857 302.857q-3.429 4.571-12 14.857l-6.286 6.286v1.143l8-1.143q5.143-1.143 17.143-1.143h141.714v-68h69.143zM949.143 378.286v60.571h-164.571v-60.571h42.857l-26.857-82.286h-138.857l-26.857 82.286h42.857v60.571h-164v-60.571h40l131.429-378.286h92.571l131.429 378.286h40z"
				],
				"width": 964.0010967254639,
				"attrs": [],
				"isMulticolor": false,
				"tags": [
					"sort-alpha-asc"
				],
				"defaultCode": 61789,
				"grid": 16
			},
			"attrs": [],
			"properties": {
				"name": "sort-alpha-asc",
				"id": 314,
				"order": 7,
				"prevSize": 28,
				"code": 61789
			},
			"setIdx": 0,
			"setId": 2,
			"iconIdx": 315
		},
		{
			"icon": {
				"paths": [
					"M1024 608l-192-192v-288h-128v160l-192-192-512 512v32h128v320h320v-192h128v192h320v-320h128z"
				],
				"attrs": [],
				"isMulticolor": false,
				"tags": [
					"home",
					"house"
				],